--
-- PostgreSQL database dump
--

-- Dumped from database version 16.3 (Postgres.app)
-- Dumped by pg_dump version 16.3 (Postgres.app)

SET statement_timeout = 0;
SET lock_timeout = 0;
SET idle_in_transaction_session_timeout = 0;
SET client_encoding = 'UTF8';
SET standard_conforming_strings = on;
SELECT pg_catalog.set_config('search_path', '', false);
SET check_function_bodies = false;
SET xmloption = content;
SET client_min_messages = warning;
SET row_security = off;

--
-- Name: pgcrypto; Type: EXTENSION; Schema: -; Owner: -
--

CREATE EXTENSION IF NOT EXISTS pgcrypto WITH SCHEMA public;


--
-- Name: EXTENSION pgcrypto; Type: COMMENT; Schema: -; Owner: 
--

COMMENT ON EXTENSION pgcrypto IS 'cryptographic functions';


SET default_tablespace = '';

SET default_table_access_method = heap;

--
-- Name: accounts_customuser; Type: TABLE; Schema: public; Owner: taskuser
--

CREATE TABLE public.accounts_customuser (
    id bigint NOT NULL,
    password character varying(128) NOT NULL,
    last_login timestamp with time zone,
    is_superuser boolean NOT NULL,
    username character varying(150) NOT NULL,
    first_name character varying(150) NOT NULL,
    last_name character varying(150) NOT NULL,
    email character varying(254) NOT NULL,
    is_staff boolean NOT NULL,
    is_active boolean NOT NULL,
    date_joined timestamp with time zone NOT NULL,
    bio text,
    profile_picture character varying(100)
);


ALTER TABLE public.accounts_customuser OWNER TO taskuser;

--
-- Name: accounts_customuser_groups; Type: TABLE; Schema: public; Owner: taskuser
--

CREATE TABLE public.accounts_customuser_groups (
    id bigint NOT NULL,
    customuser_id bigint NOT NULL,
    group_id integer NOT NULL
);


ALTER TABLE public.accounts_customuser_groups OWNER TO taskuser;

--
-- Name: accounts_customuser_groups_id_seq; Type: SEQUENCE; Schema: public; Owner: taskuser
--

ALTER TABLE public.accounts_customuser_groups ALTER COLUMN id ADD GENERATED BY DEFAULT AS IDENTITY (
    SEQUENCE NAME public.accounts_customuser_groups_id_seq
    START WITH 1
    INCREMENT BY 1
    NO MINVALUE
    NO MAXVALUE
    CACHE 1
);


--
-- Name: accounts_customuser_id_seq; Type: SEQUENCE; Schema: public; Owner: taskuser
--

ALTER TABLE public.accounts_customuser ALTER COLUMN id ADD GENERATED BY DEFAULT AS IDENTITY (
    SEQUENCE NAME public.accounts_customuser_id_seq
    START WITH 1
    INCREMENT BY 1
    NO MINVALUE
    NO MAXVALUE
    CACHE 1
);


--
-- Name: accounts_customuser_user_permissions; Type: TABLE; Schema: public; Owner: taskuser
--

CREATE TABLE public.accounts_customuser_user_permissions (
    id bigint NOT NULL,
    customuser_id bigint NOT NULL,
    permission_id integer NOT NULL
);


ALTER TABLE public.accounts_customuser_user_permissions OWNER TO taskuser;

--
-- Name: accounts_customuser_user_permissions_id_seq; Type: SEQUENCE; Schema: public; Owner: taskuser
--

ALTER TABLE public.accounts_customuser_user_permissions ALTER COLUMN id ADD GENERATED BY DEFAULT AS IDENTITY (
    SEQUENCE NAME public.accounts_customuser_user_permissions_id_seq
    START WITH 1
    INCREMENT BY 1
    NO MINVALUE
    NO MAXVALUE
    CACHE 1
);


--
-- Name: auth_group; Type: TABLE; Schema: public; Owner: taskuser
--

CREATE TABLE public.auth_group (
    id integer NOT NULL,
    name character varying(150) NOT NULL
);


ALTER TABLE public.auth_group OWNER TO taskuser;

--
-- Name: auth_group_id_seq; Type: SEQUENCE; Schema: public; Owner: taskuser
--

ALTER TABLE public.auth_group ALTER COLUMN id ADD GENERATED BY DEFAULT AS IDENTITY (
    SEQUENCE NAME public.auth_group_id_seq
    START WITH 1
    INCREMENT BY 1
    NO MINVALUE
    NO MAXVALUE
    CACHE 1
);


--
-- Name: auth_group_permissions; Type: TABLE; Schema: public; Owner: taskuser
--

CREATE TABLE public.auth_group_permissions (
    id bigint NOT NULL,
    group_id integer NOT NULL,
    permission_id integer NOT NULL
);


ALTER TABLE public.auth_group_permissions OWNER TO taskuser;

--
-- Name: auth_group_permissions_id_seq; Type: SEQUENCE; Schema: public; Owner: taskuser
--

ALTER TABLE public.auth_group_permissions ALTER COLUMN id ADD GENERATED BY DEFAULT AS IDENTITY (
    SEQUENCE NAME public.auth_group_permissions_id_seq
    START WITH 1
    INCREMENT BY 1
    NO MINVALUE
    NO MAXVALUE
    CACHE 1
);


--
-- Name: auth_permission; Type: TABLE; Schema: public; Owner: taskuser
--

CREATE TABLE public.auth_permission (
    id integer NOT NULL,
    name character varying(255) NOT NULL,
    content_type_id integer NOT NULL,
    codename character varying(100) NOT NULL
);


ALTER TABLE public.auth_permission OWNER TO taskuser;

--
-- Name: auth_permission_id_seq; Type: SEQUENCE; Schema: public; Owner: taskuser
--

ALTER TABLE public.auth_permission ALTER COLUMN id ADD GENERATED BY DEFAULT AS IDENTITY (
    SEQUENCE NAME public.auth_permission_id_seq
    START WITH 1
    INCREMENT BY 1
    NO MINVALUE
    NO MAXVALUE
    CACHE 1
);


--
-- Name: django_admin_log; Type: TABLE; Schema: public; Owner: taskuser
--

CREATE TABLE public.django_admin_log (
    id integer NOT NULL,
    action_time timestamp with time zone NOT NULL,
    object_id text,
    object_repr character varying(200) NOT NULL,
    action_flag smallint NOT NULL,
    change_message text NOT NULL,
    content_type_id integer,
    user_id bigint NOT NULL,
    CONSTRAINT django_admin_log_action_flag_check CHECK ((action_flag >= 0))
);


ALTER TABLE public.django_admin_log OWNER TO taskuser;

--
-- Name: django_admin_log_id_seq; Type: SEQUENCE; Schema: public; Owner: taskuser
--

ALTER TABLE public.django_admin_log ALTER COLUMN id ADD GENERATED BY DEFAULT AS IDENTITY (
    SEQUENCE NAME public.django_admin_log_id_seq
    START WITH 1
    INCREMENT BY 1
    NO MINVALUE
    NO MAXVALUE
    CACHE 1
);


--
-- Name: django_content_type; Type: TABLE; Schema: public; Owner: taskuser
--

CREATE TABLE public.django_content_type (
    id integer NOT NULL,
    app_label character varying(100) NOT NULL,
    model character varying(100) NOT NULL
);


ALTER TABLE public.django_content_type OWNER TO taskuser;

--
-- Name: django_content_type_id_seq; Type: SEQUENCE; Schema: public; Owner: taskuser
--

ALTER TABLE public.django_content_type ALTER COLUMN id ADD GENERATED BY DEFAULT AS IDENTITY (
    SEQUENCE NAME public.django_content_type_id_seq
    START WITH 1
    INCREMENT BY 1
    NO MINVALUE
    NO MAXVALUE
    CACHE 1
);


--
-- Name: django_migrations; Type: TABLE; Schema: public; Owner: taskuser
--

CREATE TABLE public.django_migrations (
    id bigint NOT NULL,
    app character varying(255) NOT NULL,
    name character varying(255) NOT NULL,
    applied timestamp with time zone NOT NULL
);


ALTER TABLE public.django_migrations OWNER TO taskuser;

--
-- Name: django_migrations_id_seq; Type: SEQUENCE; Schema: public; Owner: taskuser
--

ALTER TABLE public.django_migrations ALTER COLUMN id ADD GENERATED BY DEFAULT AS IDENTITY (
    SEQUENCE NAME public.django_migrations_id_seq
    START WITH 1
    INCREMENT BY 1
    NO MINVALUE
    NO MAXVALUE
    CACHE 1
);


--
-- Name: django_session; Type: TABLE; Schema: public; Owner: taskuser
--

CREATE TABLE public.django_session (
    session_key character varying(40) NOT NULL,
    session_data text NOT NULL,
    expire_date timestamp with time zone NOT NULL
);


ALTER TABLE public.django_session OWNER TO taskuser;

--
-- Name: tasks_category; Type: TABLE; Schema: public; Owner: taskuser
--

CREATE TABLE public.tasks_category (
    id bigint NOT NULL,
    name character varying(100) NOT NULL
);


ALTER TABLE public.tasks_category OWNER TO taskuser;

--
-- Name: tasks_category_id_seq; Type: SEQUENCE; Schema: public; Owner: taskuser
--

ALTER TABLE public.tasks_category ALTER COLUMN id ADD GENERATED BY DEFAULT AS IDENTITY (
    SEQUENCE NAME public.tasks_category_id_seq
    START WITH 1
    INCREMENT BY 1
    NO MINVALUE
    NO MAXVALUE
    CACHE 1
);


--
-- Name: tasks_task; Type: TABLE; Schema: public; Owner: taskuser
--

CREATE TABLE public.tasks_task (
    id bigint NOT NULL,
    title character varying(255) NOT NULL,
    description text NOT NULL,
    created_at timestamp with time zone NOT NULL,
    due_date timestamp with time zone NOT NULL,
    completed boolean NOT NULL,
    category_id bigint,
    user_id bigint NOT NULL
);


ALTER TABLE public.tasks_task OWNER TO taskuser;

--
-- Name: tasks_task_id_seq; Type: SEQUENCE; Schema: public; Owner: taskuser
--

ALTER TABLE public.tasks_task ALTER COLUMN id ADD GENERATED BY DEFAULT AS IDENTITY (
    SEQUENCE NAME public.tasks_task_id_seq
    START WITH 1
    INCREMENT BY 1
    NO MINVALUE
    NO MAXVALUE
    CACHE 1
);


--
-- Data for Name: accounts_customuser; Type: TABLE DATA; Schema: public; Owner: taskuser
--

COPY public.accounts_customuser (id, password, last_login, is_superuser, username, first_name, last_name, email, is_staff, is_active, date_joined, bio, profile_picture) FROM stdin;
1	pbkdf2_sha256$870000$yIWEmdXY2MCLG7g6EOKbMp$tniHffvdyB1Ild0RDBHy5F+CFcO5nDDS6GnYZmapvN0=	2024-12-12 08:33:47.137819+01	t	leonardolocatelli	Leonardo	Locatelli	leolocatelli30@gmail.com	t	t	2024-12-12 08:32:23.94005+01	\N	
2	$2a$06$B5FXEONPHcY/yR2/h0N8re.gtc9KZGD/qhWliVEUxSNojVLm1UJtW	2024-12-12 09:11:40.589581+01	t	leolocatelli	Leonardo	Locatelli	leolocatelli30@gmail.com	t	t	2024-12-12 09:11:31.873372+01	\N	
7	pbkdf2_sha256$870000$0ZcAjNEwMETSlkYQDUGUC2$cOd2KBGzhCCe/0x7Y/IHa8liE7NLjYYoh32kvA1bhpw=	2025-01-21 09:20:37.591337+01	t	superUser001			leodublin33@gmail.com	t	t	2025-01-21 09:17:18.440548+01	\N	
5	pbkdf2_sha256$870000$elRDkwO3CjCoZ9YPWOTBW4$us/Uv6ZnvhuBulmcoBNyGNafIdiGrrenGc9eC0E463A=	2025-01-21 09:21:52.749308+01	f	leominus	Leonardo	Locatelli	leolocatelli30@gmail.com	f	t	2024-12-17 08:36:03.166214+01	\N	profile_pictures/premium_photo-1689568126014-06fea9d5d341.jpeg
3	pbkdf2_sha256$870000$GhWGr6YGAAJGGkXU74p5XP$20nSk/LbvPdhXQhfiE+cqy/eA88wUwwLsYPz4uRUutQ=	2024-12-12 09:47:09.96656+01	t	Admin	Leonardo	Locatelli	admin@example.comm	t	t	2024-12-12 09:46:42.144432+01	\N	
4	pbkdf2_sha256$870000$y1t7Fi8qzK6kop9RAVFhf9$xfiKd5GPgGxeuZPcL1mEDyVHIKIymYrrVdjpvRNiXu0=	\N	f	lelo	leo	locatelli	leolo@example.com	f	t	2024-12-17 08:33:47.072258+01	\N	
6	pbkdf2_sha256$870000$pjH6QsoipVXoAf3sZKxOKn$ZeMJ+0anTryzgO8A4fxwsSKQCMiKPoVN+lbscGC9oeA=	2025-01-07 09:45:14.464629+01	f	user234	User	234	leonardo@nortestudio.com.br	f	t	2025-01-02 09:01:22.855477+01	\N	
\.


--
-- Data for Name: accounts_customuser_groups; Type: TABLE DATA; Schema: public; Owner: taskuser
--

COPY public.accounts_customuser_groups (id, customuser_id, group_id) FROM stdin;
\.


--
-- Data for Name: accounts_customuser_user_permissions; Type: TABLE DATA; Schema: public; Owner: taskuser
--

COPY public.accounts_customuser_user_permissions (id, customuser_id, permission_id) FROM stdin;
\.


--
-- Data for Name: auth_group; Type: TABLE DATA; Schema: public; Owner: taskuser
--

COPY public.auth_group (id, name) FROM stdin;
\.


--
-- Data for Name: auth_group_permissions; Type: TABLE DATA; Schema: public; Owner: taskuser
--

COPY public.auth_group_permissions (id, group_id, permission_id) FROM stdin;
\.


--
-- Data for Name: auth_permission; Type: TABLE DATA; Schema: public; Owner: taskuser
--

COPY public.auth_permission (id, name, content_type_id, codename) FROM stdin;
1	Can add log entry	1	add_logentry
2	Can change log entry	1	change_logentry
3	Can delete log entry	1	delete_logentry
4	Can view log entry	1	view_logentry
5	Can add permission	2	add_permission
6	Can change permission	2	change_permission
7	Can delete permission	2	delete_permission
8	Can view permission	2	view_permission
9	Can add group	3	add_group
10	Can change group	3	change_group
11	Can delete group	3	delete_group
12	Can view group	3	view_group
13	Can add content type	4	add_contenttype
14	Can change content type	4	change_contenttype
15	Can delete content type	4	delete_contenttype
16	Can view content type	4	view_contenttype
17	Can add session	5	add_session
18	Can change session	5	change_session
19	Can delete session	5	delete_session
20	Can view session	5	view_session
21	Can add user	6	add_customuser
22	Can change user	6	change_customuser
23	Can delete user	6	delete_customuser
24	Can view user	6	view_customuser
25	Can add category	7	add_category
26	Can change category	7	change_category
27	Can delete category	7	delete_category
28	Can view category	7	view_category
29	Can add task	8	add_task
30	Can change task	8	change_task
31	Can delete task	8	delete_task
32	Can view task	8	view_task
\.


--
-- Data for Name: django_admin_log; Type: TABLE DATA; Schema: public; Owner: taskuser
--

COPY public.django_admin_log (id, action_time, object_id, object_repr, action_flag, change_message, content_type_id, user_id) FROM stdin;
1	2024-12-12 08:34:44.111962+01	1	Uncategorized	1	[{"added": {}}]	7	1
2	2024-12-12 08:34:49.489256+01	2	Urgent	1	[{"added": {}}]	7	1
3	2024-12-12 08:34:54.450467+01	3	Hobbies	1	[{"added": {}}]	7	1
4	2024-12-12 08:35:02.51066+01	4	Family	1	[{"added": {}}]	7	1
5	2024-12-12 08:35:07.585196+01	5	Travel	1	[{"added": {}}]	7	1
6	2024-12-12 08:35:12.032934+01	6	Education	1	[{"added": {}}]	7	1
7	2024-12-12 08:35:16.953674+01	7	Shopping	1	[{"added": {}}]	7	1
8	2024-12-12 08:35:21.484902+01	8	Finance	1	[{"added": {}}]	7	1
9	2024-12-12 08:35:26.136136+01	9	Health	1	[{"added": {}}]	7	1
10	2024-12-12 08:35:32.369166+01	10	Personal	1	[{"added": {}}]	7	1
11	2024-12-12 08:35:37.161037+01	11	Work	1	[{"added": {}}]	7	1
12	2024-12-16 08:28:38.660529+01	2	Complete Project Proposal	1	[{"added": {}}]	8	3
13	2024-12-16 08:28:50.127142+01	2	Complete Project Proposal	2	[{"changed": {"fields": ["User"]}}]	8	3
14	2024-12-16 08:28:59.737906+01	2	Complete Project Proposal	2	[{"changed": {"fields": ["User"]}}]	8	3
15	2024-12-16 08:29:47.304277+01	3	Weekly Grocery Shopping	1	[{"added": {}}]	8	3
16	2024-12-16 08:30:21.369955+01	4	Prepare Presentation Slides	1	[{"added": {}}]	8	3
17	2024-12-16 08:30:38.425789+01	5	Morning Yoga Session	1	[{"added": {}}]	8	3
18	2024-12-16 08:31:09.531638+01	6	Renew Car Insurance	1	[{"added": {}}]	8	3
19	2024-12-16 08:31:32.323725+01	7	Birthday Gift for Sarah	1	[{"added": {}}]	8	3
20	2024-12-16 08:31:41.98183+01	3	Weekly Grocery Shopping	2	[{"changed": {"fields": ["Category"]}}]	8	3
21	2024-12-16 08:31:52.562567+01	4	Prepare Presentation Slides	2	[{"changed": {"fields": ["Category"]}}]	8	3
\.


--
-- Data for Name: django_content_type; Type: TABLE DATA; Schema: public; Owner: taskuser
--

COPY public.django_content_type (id, app_label, model) FROM stdin;
1	admin	logentry
2	auth	permission
3	auth	group
4	contenttypes	contenttype
5	sessions	session
6	accounts	customuser
7	tasks	category
8	tasks	task
\.


--
-- Data for Name: django_migrations; Type: TABLE DATA; Schema: public; Owner: taskuser
--

COPY public.django_migrations (id, app, name, applied) FROM stdin;
1	contenttypes	0001_initial	2024-12-12 08:23:46.653187+01
2	contenttypes	0002_remove_content_type_name	2024-12-12 08:23:46.65573+01
3	auth	0001_initial	2024-12-12 08:23:46.674365+01
4	auth	0002_alter_permission_name_max_length	2024-12-12 08:23:46.676249+01
5	auth	0003_alter_user_email_max_length	2024-12-12 08:23:46.67756+01
6	auth	0004_alter_user_username_opts	2024-12-12 08:23:46.679162+01
7	auth	0005_alter_user_last_login_null	2024-12-12 08:23:46.68054+01
8	auth	0006_require_contenttypes_0002	2024-12-12 08:23:46.680943+01
9	auth	0007_alter_validators_add_error_messages	2024-12-12 08:23:46.682247+01
10	auth	0008_alter_user_username_max_length	2024-12-12 08:23:46.683897+01
11	auth	0009_alter_user_last_name_max_length	2024-12-12 08:23:46.685476+01
12	auth	0010_alter_group_name_max_length	2024-12-12 08:23:46.687477+01
13	auth	0011_update_proxy_permissions	2024-12-12 08:23:46.688928+01
14	auth	0012_alter_user_first_name_max_length	2024-12-12 08:23:46.690245+01
15	accounts	0001_initial	2024-12-12 08:23:46.700482+01
16	admin	0001_initial	2024-12-12 08:23:46.706338+01
17	admin	0002_logentry_remove_auto_add	2024-12-12 08:23:46.708345+01
18	admin	0003_logentry_add_action_flag_choices	2024-12-12 08:23:46.710154+01
19	sessions	0001_initial	2024-12-12 08:23:46.712823+01
20	tasks	0001_initial	2024-12-12 08:23:46.718807+01
\.


--
-- Data for Name: django_session; Type: TABLE DATA; Schema: public; Owner: taskuser
--

COPY public.django_session (session_key, session_data, expire_date) FROM stdin;
sw4g06f8ffqkmhnc8dtbzn9qcvi335pl	.eJxVjMsOwiAQAP-FsyHLq6UevfcbyC4LUjU0Ke3J-O-GpAe9zkzmLQIeewlHS1tYWFyFE5dfRhifqXbBD6z3Vca17ttCsifytE3OK6fX7Wz_BgVb6VsHDvREXnNSOLDJo2cFjjOiH6yJCqaYvGfNBMDkyBqTDFrQaMbM4vMF2lI36w:1tVoCn:ZHiXLJs3S3rPR5KX7wJ8g-czBlzckeeXKDxrPuwShcI	2025-01-23 09:47:53.074439+01
\.


--
-- Data for Name: tasks_category; Type: TABLE DATA; Schema: public; Owner: taskuser
--

COPY public.tasks_category (id, name) FROM stdin;
1	Uncategorized
2	Urgent
3	Hobbies
4	Family
5	Travel
6	Education
7	Shopping
8	Finance
9	Health
10	Personal
11	Work
\.


--
-- Data for Name: tasks_task; Type: TABLE DATA; Schema: public; Owner: taskuser
--

COPY public.tasks_task (id, title, description, created_at, due_date, completed, category_id, user_id) FROM stdin;
5	Morning Yoga Session	Description: Attend the yoga class to relax and improve flexibility.	2024-12-16 08:30:38.424802+01	2024-12-20 08:30:21+01	f	10	3
6	Renew Car Insurance	Description: Contact the insurance company and renew the car policy for another year.	2024-12-16 08:31:09.531092+01	2024-12-24 08:30:38+01	f	5	3
7	Birthday Gift for Sarah	Description: Purchase a gift for Sarah’s birthday and write a card.	2024-12-16 08:31:32.322606+01	2024-12-20 08:31:09+01	f	2	3
3	Weekly Grocery Shopping	Description: Buy groceries for the week, including fruits, vegetables, and snacks.	2024-12-16 08:29:47.303288+01	2024-12-15 08:29:18+01	f	7	3
4	Prepare Presentation Slides	Description: Design and prepare slides for the upcoming client presentation.	2024-12-16 08:30:21.369203+01	2024-12-23 08:29:47+01	f	3	3
2	Complete Project Proposal	Finalize the draft for the project proposal and share it with the team.	2024-12-16 08:28:38.659236+01	2024-12-17 01:00:00+01	t	11	3
16	Prepare Monthly Sales Report	Compile the sales data for the past month from all regions. Create charts and highlight key trends in the report. Share the final version with the management team by the end of the week.	2025-01-15 09:56:30.14013+01	2025-01-31 01:00:00+01	f	11	5
20	Schedule Annual Health Check-Up	Book an appointment with the family doctor for a routine health check-up. Include blood tests, vision check, and vaccination updates.	2025-01-15 09:57:47.10097+01	2025-01-24 01:00:00+01	f	9	5
21	Review Monthly Budget	Analyze this month's spending to ensure it aligns with the set budget. Identify any unnecessary expenses and update savings goals accordingly.	2025-01-15 09:58:14.297723+01	2025-01-16 01:00:00+01	f	8	5
19	Complete Python for Data Science Module	Finish the “Data Analysis” module on the Python for Data Science course. Practice coding exercises related to Pandas and Matplotlib.	2025-01-15 09:57:30.977077+01	2025-01-15 01:00:00+01	t	6	5
18	Plan a Family Movie Night	Organize a movie night for the family. Choose a family-friendly movie, prepare snacks, and set up a cozy space for everyone to relax and enjoy.	2025-01-15 09:57:10.046917+01	2025-01-15 01:00:00+01	t	4	5
17	Morning Yoga Routine	Dedicate 30 minutes to a yoga session focusing on flexibility and breathing exercises. Follow the sequence from the YouTube video "Morning Yoga Flow."	2025-01-15 09:56:49.696772+01	2025-01-25 01:00:00+01	t	10	5
23	vbvbnvbnvbnvbn	vbnvbnvbnvbnvnv	2025-01-21 09:22:37.601878+01	2025-02-01 01:00:00+01	f	11	5
24	adasdasdasdas	asdadasdasdasd	2025-01-22 09:38:04.899587+01	2025-01-17 01:00:00+01	f	3	5
\.


--
-- Name: accounts_customuser_groups_id_seq; Type: SEQUENCE SET; Schema: public; Owner: taskuser
--

SELECT pg_catalog.setval('public.accounts_customuser_groups_id_seq', 1, false);


--
-- Name: accounts_customuser_id_seq; Type: SEQUENCE SET; Schema: public; Owner: taskuser
--

SELECT pg_catalog.setval('public.accounts_customuser_id_seq', 7, true);


--
-- Name: accounts_customuser_user_permissions_id_seq; Type: SEQUENCE SET; Schema: public; Owner: taskuser
--

SELECT pg_catalog.setval('public.accounts_customuser_user_permissions_id_seq', 1, false);


--
-- Name: auth_group_id_seq; Type: SEQUENCE SET; Schema: public; Owner: taskuser
--

SELECT pg_catalog.setval('public.auth_group_id_seq', 1, false);


--
-- Name: auth_group_permissions_id_seq; Type: SEQUENCE SET; Schema: public; Owner: taskuser
--

SELECT pg_catalog.setval('public.auth_group_permissions_id_seq', 1, false);


--
-- Name: auth_permission_id_seq; Type: SEQUENCE SET; Schema: public; Owner: taskuser
--

SELECT pg_catalog.setval('public.auth_permission_id_seq', 32, true);


--
-- Name: django_admin_log_id_seq; Type: SEQUENCE SET; Schema: public; Owner: taskuser
--

SELECT pg_catalog.setval('public.django_admin_log_id_seq', 21, true);


--
-- Name: django_content_type_id_seq; Type: SEQUENCE SET; Schema: public; Owner: taskuser
--

SELECT pg_catalog.setval('public.django_content_type_id_seq', 8, true);


--
-- Name: django_migrations_id_seq; Type: SEQUENCE SET; Schema: public; Owner: taskuser
--

SELECT pg_catalog.setval('public.django_migrations_id_seq', 20, true);


--
-- Name: tasks_category_id_seq; Type: SEQUENCE SET; Schema: public; Owner: taskuser
--

SELECT pg_catalog.setval('public.tasks_category_id_seq', 11, true);


--
-- Name: tasks_task_id_seq; Type: SEQUENCE SET; Schema: public; Owner: taskuser
--

SELECT pg_catalog.setval('public.tasks_task_id_seq', 24, true);


--
-- Name: accounts_customuser_groups accounts_customuser_groups_customuser_id_group_id_c074bdcb_uniq; Type: CONSTRAINT; Schema: public; Owner: taskuser
--

ALTER TABLE ONLY public.accounts_customuser_groups
    ADD CONSTRAINT accounts_customuser_groups_customuser_id_group_id_c074bdcb_uniq UNIQUE (customuser_id, group_id);


--
-- Name: accounts_customuser_groups accounts_customuser_groups_pkey; Type: CONSTRAINT; Schema: public; Owner: taskuser
--

ALTER TABLE ONLY public.accounts_customuser_groups
    ADD CONSTRAINT accounts_customuser_groups_pkey PRIMARY KEY (id);


--
-- Name: accounts_customuser accounts_customuser_pkey; Type: CONSTRAINT; Schema: public; Owner: taskuser
--

ALTER TABLE ONLY public.accounts_customuser
    ADD CONSTRAINT accounts_customuser_pkey PRIMARY KEY (id);


--
-- Name: accounts_customuser_user_permissions accounts_customuser_user_customuser_id_permission_9632a709_uniq; Type: CONSTRAINT; Schema: public; Owner: taskuser
--

ALTER TABLE ONLY public.accounts_customuser_user_permissions
    ADD CONSTRAINT accounts_customuser_user_customuser_id_permission_9632a709_uniq UNIQUE (customuser_id, permission_id);


--
-- Name: accounts_customuser_user_permissions accounts_customuser_user_permissions_pkey; Type: CONSTRAINT; Schema: public; Owner: taskuser
--

ALTER TABLE ONLY public.accounts_customuser_user_permissions
    ADD CONSTRAINT accounts_customuser_user_permissions_pkey PRIMARY KEY (id);


--
-- Name: accounts_customuser accounts_customuser_username_key; Type: CONSTRAINT; Schema: public; Owner: taskuser
--

ALTER TABLE ONLY public.accounts_customuser
    ADD CONSTRAINT accounts_customuser_username_key UNIQUE (username);


--
-- Name: auth_group auth_group_name_key; Type: CONSTRAINT; Schema: public; Owner: taskuser
--

ALTER TABLE ONLY public.auth_group
    ADD CONSTRAINT auth_group_name_key UNIQUE (name);


--
-- Name: auth_group_permissions auth_group_permissions_group_id_permission_id_0cd325b0_uniq; Type: CONSTRAINT; Schema: public; Owner: taskuser
--

ALTER TABLE ONLY public.auth_group_permissions
    ADD CONSTRAINT auth_group_permissions_group_id_permission_id_0cd325b0_uniq UNIQUE (group_id, permission_id);


--
-- Name: auth_group_permissions auth_group_permissions_pkey; Type: CONSTRAINT; Schema: public; Owner: taskuser
--

ALTER TABLE ONLY public.auth_group_permissions
    ADD CONSTRAINT auth_group_permissions_pkey PRIMARY KEY (id);


--
-- Name: auth_group auth_group_pkey; Type: CONSTRAINT; Schema: public; Owner: taskuser
--

ALTER TABLE ONLY public.auth_group
    ADD CONSTRAINT auth_group_pkey PRIMARY KEY (id);


--
-- Name: auth_permission auth_permission_content_type_id_codename_01ab375a_uniq; Type: CONSTRAINT; Schema: public; Owner: taskuser
--

ALTER TABLE ONLY public.auth_permission
    ADD CONSTRAINT auth_permission_content_type_id_codename_01ab375a_uniq UNIQUE (content_type_id, codename);


--
-- Name: auth_permission auth_permission_pkey; Type: CONSTRAINT; Schema: public; Owner: taskuser
--

ALTER TABLE ONLY public.auth_permission
    ADD CONSTRAINT auth_permission_pkey PRIMARY KEY (id);


--
-- Name: django_admin_log django_admin_log_pkey; Type: CONSTRAINT; Schema: public; Owner: taskuser
--

ALTER TABLE ONLY public.django_admin_log
    ADD CONSTRAINT django_admin_log_pkey PRIMARY KEY (id);


--
-- Name: django_content_type django_content_type_app_label_model_76bd3d3b_uniq; Type: CONSTRAINT; Schema: public; Owner: taskuser
--

ALTER TABLE ONLY public.django_content_type
    ADD CONSTRAINT django_content_type_app_label_model_76bd3d3b_uniq UNIQUE (app_label, model);


--
-- Name: django_content_type django_content_type_pkey; Type: CONSTRAINT; Schema: public; Owner: taskuser
--

ALTER TABLE ONLY public.django_content_type
    ADD CONSTRAINT django_content_type_pkey PRIMARY KEY (id);


--
-- Name: django_migrations django_migrations_pkey; Type: CONSTRAINT; Schema: public; Owner: taskuser
--

ALTER TABLE ONLY public.django_migrations
    ADD CONSTRAINT django_migrations_pkey PRIMARY KEY (id);


--
-- Name: django_session django_session_pkey; Type: CONSTRAINT; Schema: public; Owner: taskuser
--

ALTER TABLE ONLY public.django_session
    ADD CONSTRAINT django_session_pkey PRIMARY KEY (session_key);


--
-- Name: tasks_category tasks_category_pkey; Type: CONSTRAINT; Schema: public; Owner: taskuser
--

ALTER TABLE ONLY public.tasks_category
    ADD CONSTRAINT tasks_category_pkey PRIMARY KEY (id);


--
-- Name: tasks_task tasks_task_pkey; Type: CONSTRAINT; Schema: public; Owner: taskuser
--

ALTER TABLE ONLY public.tasks_task
    ADD CONSTRAINT tasks_task_pkey PRIMARY KEY (id);


--
-- Name: accounts_customuser_groups_customuser_id_bc55088e; Type: INDEX; Schema: public; Owner: taskuser
--

CREATE INDEX accounts_customuser_groups_customuser_id_bc55088e ON public.accounts_customuser_groups USING btree (customuser_id);


--
-- Name: accounts_customuser_groups_group_id_86ba5f9e; Type: INDEX; Schema: public; Owner: taskuser
--

CREATE INDEX accounts_customuser_groups_group_id_86ba5f9e ON public.accounts_customuser_groups USING btree (group_id);


--
-- Name: accounts_customuser_user_permissions_customuser_id_0deaefae; Type: INDEX; Schema: public; Owner: taskuser
--

CREATE INDEX accounts_customuser_user_permissions_customuser_id_0deaefae ON public.accounts_customuser_user_permissions USING btree (customuser_id);


--
-- Name: accounts_customuser_user_permissions_permission_id_aea3d0e5; Type: INDEX; Schema: public; Owner: taskuser
--

CREATE INDEX accounts_customuser_user_permissions_permission_id_aea3d0e5 ON public.accounts_customuser_user_permissions USING btree (permission_id);


--
-- Name: accounts_customuser_username_722f3555_like; Type: INDEX; Schema: public; Owner: taskuser
--

CREATE INDEX accounts_customuser_username_722f3555_like ON public.accounts_customuser USING btree (username varchar_pattern_ops);


--
-- Name: auth_group_name_a6ea08ec_like; Type: INDEX; Schema: public; Owner: taskuser
--

CREATE INDEX auth_group_name_a6ea08ec_like ON public.auth_group USING btree (name varchar_pattern_ops);


--
-- Name: auth_group_permissions_group_id_b120cbf9; Type: INDEX; Schema: public; Owner: taskuser
--

CREATE INDEX auth_group_permissions_group_id_b120cbf9 ON public.auth_group_permissions USING btree (group_id);


--
-- Name: auth_group_permissions_permission_id_84c5c92e; Type: INDEX; Schema: public; Owner: taskuser
--

CREATE INDEX auth_group_permissions_permission_id_84c5c92e ON public.auth_group_permissions USING btree (permission_id);


--
-- Name: auth_permission_content_type_id_2f476e4b; Type: INDEX; Schema: public; Owner: taskuser
--

CREATE INDEX auth_permission_content_type_id_2f476e4b ON public.auth_permission USING btree (content_type_id);


--
-- Name: django_admin_log_content_type_id_c4bce8eb; Type: INDEX; Schema: public; Owner: taskuser
--

CREATE INDEX django_admin_log_content_type_id_c4bce8eb ON public.django_admin_log USING btree (content_type_id);


--
-- Name: django_admin_log_user_id_c564eba6; Type: INDEX; Schema: public; Owner: taskuser
--

CREATE INDEX django_admin_log_user_id_c564eba6 ON public.django_admin_log USING btree (user_id);


--
-- Name: django_session_expire_date_a5c62663; Type: INDEX; Schema: public; Owner: taskuser
--

CREATE INDEX django_session_expire_date_a5c62663 ON public.django_session USING btree (expire_date);


--
-- Name: django_session_session_key_c0390e0f_like; Type: INDEX; Schema: public; Owner: taskuser
--

CREATE INDEX django_session_session_key_c0390e0f_like ON public.django_session USING btree (session_key varchar_pattern_ops);


--
-- Name: tasks_task_category_id_ec02979a; Type: INDEX; Schema: public; Owner: taskuser
--

CREATE INDEX tasks_task_category_id_ec02979a ON public.tasks_task USING btree (category_id);


--
-- Name: tasks_task_user_id_f0e531b0; Type: INDEX; Schema: public; Owner: taskuser
--

CREATE INDEX tasks_task_user_id_f0e531b0 ON public.tasks_task USING btree (user_id);


--
-- Name: accounts_customuser_user_permissions accounts_customuser__customuser_id_0deaefae_fk_accounts_; Type: FK CONSTRAINT; Schema: public; Owner: taskuser
--

ALTER TABLE ONLY public.accounts_customuser_user_permissions
    ADD CONSTRAINT accounts_customuser__customuser_id_0deaefae_fk_accounts_ FOREIGN KEY (customuser_id) REFERENCES public.accounts_customuser(id) DEFERRABLE INITIALLY DEFERRED;


--
-- Name: accounts_customuser_groups accounts_customuser__customuser_id_bc55088e_fk_accounts_; Type: FK CONSTRAINT; Schema: public; Owner: taskuser
--

ALTER TABLE ONLY public.accounts_customuser_groups
    ADD CONSTRAINT accounts_customuser__customuser_id_bc55088e_fk_accounts_ FOREIGN KEY (customuser_id) REFERENCES public.accounts_customuser(id) DEFERRABLE INITIALLY DEFERRED;


--
-- Name: accounts_customuser_user_permissions accounts_customuser__permission_id_aea3d0e5_fk_auth_perm; Type: FK CONSTRAINT; Schema: public; Owner: taskuser
--

ALTER TABLE ONLY public.accounts_customuser_user_permissions
    ADD CONSTRAINT accounts_customuser__permission_id_aea3d0e5_fk_auth_perm FOREIGN KEY (permission_id) REFERENCES public.auth_permission(id) DEFERRABLE INITIALLY DEFERRED;


--
-- Name: accounts_customuser_groups accounts_customuser_groups_group_id_86ba5f9e_fk_auth_group_id; Type: FK CONSTRAINT; Schema: public; Owner: taskuser
--

ALTER TABLE ONLY public.accounts_customuser_groups
    ADD CONSTRAINT accounts_customuser_groups_group_id_86ba5f9e_fk_auth_group_id FOREIGN KEY (group_id) REFERENCES public.auth_group(id) DEFERRABLE INITIALLY DEFERRED;


--
-- Name: auth_group_permissions auth_group_permissio_permission_id_84c5c92e_fk_auth_perm; Type: FK CONSTRAINT; Schema: public; Owner: taskuser
--

ALTER TABLE ONLY public.auth_group_permissions
    ADD CONSTRAINT auth_group_permissio_permission_id_84c5c92e_fk_auth_perm FOREIGN KEY (permission_id) REFERENCES public.auth_permission(id) DEFERRABLE INITIALLY DEFERRED;


--
-- Name: auth_group_permissions auth_group_permissions_group_id_b120cbf9_fk_auth_group_id; Type: FK CONSTRAINT; Schema: public; Owner: taskuser
--

ALTER TABLE ONLY public.auth_group_permissions
    ADD CONSTRAINT auth_group_permissions_group_id_b120cbf9_fk_auth_group_id FOREIGN KEY (group_id) REFERENCES public.auth_group(id) DEFERRABLE INITIALLY DEFERRED;


--
-- Name: auth_permission auth_permission_content_type_id_2f476e4b_fk_django_co; Type: FK CONSTRAINT; Schema: public; Owner: taskuser
--

ALTER TABLE ONLY public.auth_permission
    ADD CONSTRAINT auth_permission_content_type_id_2f476e4b_fk_django_co FOREIGN KEY (content_type_id) REFERENCES public.django_content_type(id) DEFERRABLE INITIALLY DEFERRED;


--
-- Name: django_admin_log django_admin_log_content_type_id_c4bce8eb_fk_django_co; Type: FK CONSTRAINT; Schema: public; Owner: taskuser
--

ALTER TABLE ONLY public.django_admin_log
    ADD CONSTRAINT django_admin_log_content_type_id_c4bce8eb_fk_django_co FOREIGN KEY (content_type_id) REFERENCES public.django_content_type(id) DEFERRABLE INITIALLY DEFERRED;


--
-- Name: django_admin_log django_admin_log_user_id_c564eba6_fk_accounts_customuser_id; Type: FK CONSTRAINT; Schema: public; Owner: taskuser
--

ALTER TABLE ONLY public.django_admin_log
    ADD CONSTRAINT django_admin_log_user_id_c564eba6_fk_accounts_customuser_id FOREIGN KEY (user_id) REFERENCES public.accounts_customuser(id) DEFERRABLE INITIALLY DEFERRED;


--
-- Name: tasks_task tasks_task_category_id_ec02979a_fk_tasks_category_id; Type: FK CONSTRAINT; Schema: public; Owner: taskuser
--

ALTER TABLE ONLY public.tasks_task
    ADD CONSTRAINT tasks_task_category_id_ec02979a_fk_tasks_category_id FOREIGN KEY (category_id) REFERENCES public.tasks_category(id) DEFERRABLE INITIALLY DEFERRED;


--
-- Name: tasks_task tasks_task_user_id_f0e531b0_fk_accounts_customuser_id; Type: FK CONSTRAINT; Schema: public; Owner: taskuser
--

ALTER TABLE ONLY public.tasks_task
    ADD CONSTRAINT tasks_task_user_id_f0e531b0_fk_accounts_customuser_id FOREIGN KEY (user_id) REFERENCES public.accounts_customuser(id) DEFERRABLE INITIALLY DEFERRED;


--
-- PostgreSQL database dump complete
--

